{"letters": "{\"e\": 0.12415349887133183, \"t\": 0.09932279909706546, \"a\": 0.08126410835214447, \"r\": 0.07900677200902935, \"o\": 0.07562076749435666, \"s\": 0.07562076749435666, \"n\": 0.0654627539503386, \"i\": 0.062076749435665914, \"h\": 0.05869074492099323, \"l\": 0.04288939051918736, \"u\": 0.03160270880361174, \"d\": 0.028216704288939052, \"g\": 0.028216704288939052, \"c\": 0.02708803611738149, \"p\": 0.025959367945823927, \"f\": 0.020316027088036117, \"v\": 0.013544018058690745, \"m\": 0.013544018058690745, \"y\": 0.012415349887133182, \"w\": 0.011286681715575621, \"b\": 0.010158013544018058, \"k\": 0.006772009029345372, \"x\": 0.003386004514672686, \"j\": 0.002257336343115124, \"﻿\": 0.001128668171557562}", "bigrams": "{\"th\": 0.04721030042918455, \"he\": 0.032904148783977114, \"re\": 0.024320457796852647, \"an\": 0.02145922746781116, \"in\": 0.02145922746781116, \"ha\": 0.020028612303290415, \"on\": 0.020028612303290415, \"es\": 0.020028612303290415, \"ar\": 0.01859799713876967, \"er\": 0.017167381974248927, \"ve\": 0.017167381974248927, \"at\": 0.015736766809728183, \"or\": 0.015736766809728183, \"ss\": 0.01430615164520744, \"is\": 0.01430615164520744, \"nd\": 0.01430615164520744, \"le\": 0.012875536480686695, \"ti\": 0.012875536480686695, \"rt\": 0.011444921316165951, \"ir\": 0.011444921316165951, \"po\": 0.011444921316165951, \"ro\": 0.010014306151645207, \"ed\": 0.010014306151645207, \"ug\": 0.010014306151645207, \"ne\": 0.010014306151645207, \"to\": 0.010014306151645207, \"it\": 0.008583690987124463, \"ly\": 0.008583690987124463, \"of\": 0.008583690987124463, \"hi\": 0.008583690987124463, \"se\": 0.008583690987124463, \"ur\": 0.008583690987124463, \"co\": 0.00715307582260372, \"de\": 0.00715307582260372, \"ng\": 0.00715307582260372, \"si\": 0.00715307582260372, \"io\": 0.00715307582260372, \"ai\": 0.00715307582260372, \"gl\": 0.00715307582260372, \"li\": 0.00715307582260372, \"al\": 0.00715307582260372, \"os\": 0.00715307582260372, \"av\": 0.00715307582260372, \"ca\": 0.005722460658082976, \"nc\": 0.005722460658082976, \"ce\": 0.005722460658082976, \"no\": 0.005722460658082976, \"as\": 0.005722460658082976, \"pr\": 0.005722460658082976, \"rp\": 0.005722460658082976, \"pe\": 0.005722460658082976, \"ec\": 0.005722460658082976, \"us\": 0.005722460658082976, \"ll\": 0.005722460658082976, \"ma\": 0.005722460658082976, \"wi\": 0.005722460658082976, \"ig\": 0.005722460658082976, \"ou\": 0.005722460658082976, \"gh\": 0.005722460658082976, \"ra\": 0.005722460658082976, \"ap\": 0.004291845493562232, \"te\": 0.004291845493562232, \"be\": 0.004291845493562232, \"ag\": 0.004291845493562232, \"ge\": 0.004291845493562232, \"ea\": 0.004291845493562232, \"ev\": 0.004291845493562232, \"ex\": 0.004291845493562232, \"ts\": 0.004291845493562232, \"so\": 0.004291845493562232, \"om\": 0.004291845493562232, \"ta\": 0.004291845493562232, \"gr\": 0.004291845493562232, \"ul\": 0.004291845493562232, \"ef\": 0.004291845493562232, \"fo\": 0.004291845493562232, \"fu\": 0.004291845493562232, \"wh\": 0.004291845493562232, \"lu\": 0.004291845493562232, \"ga\": 0.004291845493562232, \"ns\": 0.004291845493562232, \"sk\": 0.004291845493562232, \"ow\": 0.004291845493562232, \"ep\": 0.004291845493562232, \"ot\": 0.004291845493562232, \"bl\": 0.004291845493562232, \"ct\": 0.004291845493562232, \"tr\": 0.004291845493562232, \"ht\": 0.004291845493562232, \"lo\": 0.004291845493562232, \"nt\": 0.004291845493562232, \"un\": 0.004291845493562232, \"ch\": 0.002861230329041488, \"pt\": 0.002861230329041488, \"oi\": 0.002861230329041488, \"ci\": 0.002861230329041488, \"en\": 0.002861230329041488, \"la\": 0.002861230329041488, \"xp\": 0.002861230329041488, \"tt\": 0.002861230329041488, \"me\": 0.002861230329041488, \"nl\": 0.002861230329041488, \"su\": 0.002861230329041488, \"ff\": 0.002861230329041488, \"ri\": 0.002861230329041488, \"pl\": 0.002861230329041488, \"ho\": 0.002861230329041488, \"cr\": 0.002861230329041488, \"st\": 0.002861230329041488, \"di\": 0.002861230329041488, \"ov\": 0.002861230329041488, \"ei\": 0.002861230329041488, \"gg\": 0.002861230329041488, \"mu\": 0.002861230329041488, \"rm\": 0.002861230329041488, \"nf\": 0.002861230329041488, \"ib\": 0.002861230329041488, \"ru\": 0.002861230329041488, \"ol\": 0.002861230329041488, \"ie\": 0.002861230329041488, \"ey\": 0.002861230329041488, \"rs\": 0.002861230329041488, \"pa\": 0.002861230329041488, \"el\": 0.002861230329041488, \"rr\": 0.002861230329041488, \"ws\": 0.002861230329041488, \"um\": 0.002861230329041488, \"ds\": 0.002861230329041488, \"﻿c\": 0.001430615164520744, \"rd\": 0.001430615164520744, \"dl\": 0.001430615164520744, \"id\": 0.001430615164520744, \"gu\": 0.001430615164520744, \"ua\": 0.001430615164520744, \"od\": 0.001430615164520744, \"du\": 0.001430615164520744, \"uc\": 0.001430615164520744, \"et\": 0.001430615164520744, \"ty\": 0.001430615164520744, \"ry\": 0.001430615164520744, \"eg\": 0.001430615164520744, \"ee\": 0.001430615164520744, \"lt\": 0.001430615164520744, \"sp\": 0.001430615164520744, \"ia\": 0.001430615164520744, \"au\": 0.001430615164520744, \"eo\": 0.001430615164520744, \"op\": 0.001430615164520744, \"ju\": 0.001430615164520744, \"sc\": 0.001430615164520744, \"kn\": 0.001430615164520744, \"wn\": 0.001430615164520744, \"xc\": 0.001430615164520744, \"rw\": 0.001430615164520744, \"fa\": 0.001430615164520744, \"rc\": 0.001430615164520744, \"fl\": 0.001430615164520744, \"gn\": 0.001430615164520744, \"hl\": 0.001430615164520744, \"dn\": 0.001430615164520744, \"sn\": 0.001430615164520744, \"mo\": 0.001430615164520744, \"if\": 0.001430615164520744, \"br\": 0.001430615164520744, \"ut\": 0.001430615164520744, \"sh\": 0.001430615164520744, \"rv\": 0.001430615164520744, \"ja\": 0.001430615164520744, \"ak\": 0.001430615164520744, \"ke\": 0.001430615164520744, \"tl\": 0.001430615164520744, \"bu\": 0.001430615164520744, \"fr\": 0.001430615164520744, \"pp\": 0.001430615164520744, \"do\": 0.001430615164520744, \"ac\": 0.001430615164520744, \"ck\": 0.001430615164520744, \"ks\": 0.001430615164520744, \"cu\": 0.001430615164520744, \"sa\": 0.001430615164520744, \"mi\": 0.001430615164520744, \"ni\": 0.001430615164520744, \"ky\": 0.001430615164520744, \"mb\": 0.001430615164520744, \"bi\": 0.001430615164520744, \"na\": 0.001430615164520744, \"oc\": 0.001430615164520744, \"tu\": 0.001430615164520744, \"ab\": 0.001430615164520744}",